<?xml version="1.0" encoding="UTF-8"?>
<project-private xmlns="http://www.netbeans.org/ns/project-private/1">
    <editor-bookmarks xmlns="http://www.netbeans.org/ns/editor-bookmarks/2" lastBookmarkId="0"/>
    <open-files xmlns="http://www.netbeans.org/ns/projectui-open-files/2">
        <group>
            <file>file:/C:/Users/Paragatos/Documents/Liybie's%20files/P1.4%20Final/Dentassist/Dentassist/src/DentassistMain/DentaAssistM.java</file>
            <file>file:/C:/Users/Paragatos/Documents/Liybie's%20files/P1.4%20Final/Dentassist/Dentassist/src/DentassistMain/Login.java</file>
            <file>file:/C:/Users/Paragatos/Documents/Liybie's%20files/P1.4%20Final/Dentassist/Dentassist/src/DentassistMain/HomePage.java</file>
            <file>file:/C:/Users/Paragatos/Documents/Liybie's%20files/P1.4%20Final/Dentassist/Dentassist/src/DentassistMain/SplashScreen.java</file>
            <file>file:/C:/Users/Paragatos/Documents/Liybie's%20files/P1.4%20Final/Dentassist/Dentassist/Database.txt</file>
            <file>file:/C:/Users/Paragatos/Documents/Liybie's%20files/P1.4%20Final/Dentassist/Dentassist/src/DentassistMain/Schedule.java</file>
            <file>file:/C:/Users/Paragatos/Documents/Liybie's%20files/P1.4%20Final/Dentassist/Dentassist/src/DentassistMain/Dentists.java</file>
            <file>file:/C:/Users/Paragatos/Documents/Liybie's%20files/P1.4%20Final/Dentassist/Dentassist/src/DentassistMain/PatientRecord.java</file>
        </group>
    </open-files>
</project-private>
